[
  {
    "domain": ".labs.google",
    "expiry": 1801409695,
    "httpOnly": false,
    "name": "_ga_X2GNH8R5NS",
    "path": "/",
    "sameSite": "Lax",
    "secure": false,
    "value": "GS2.1.s1766849695$o1$g0$t1766849695$j60$l0$h1742405049"
  },
  {
    "domain": ".labs.google",
    "expiry": 1801409695,
    "httpOnly": false,
    "name": "_ga",
    "path": "/",
    "sameSite": "Lax",
    "secure": false,
    "value": "GA1.1.1323610968.1766849695"
  },
  {
    "domain": "labs.google",
    "httpOnly": true,
    "name": "__Host-next-auth.csrf-token",
    "path": "/",
    "sameSite": "Lax",
    "secure": true,
    "value": "dd0e967f7ecc543591bd2a7c5b8719434113138e565ca531c3e2dd5f121c244d%7C40ec704a332a64f97da7ed77671a6902a97cca17cc358e0209d6ff9d4be3361e"
  },
  {
    "domain": "labs.google",
    "httpOnly": true,
    "name": "__Secure-next-auth.callback-url",
    "path": "/",
    "sameSite": "Lax",
    "secure": true,
    "value": "https%3A%2F%2Flabs.google"
  }
]